Block Type,96-Well 0.1-mL Block,,,,,,,,,,,,,,,,,,,,,,,,,,,,,,,,,
Calibration Background is expired ,No,,,,,,,,,,,,,,,,,,,,,,,,,,,,,,,,,
Calibration Background performed on,10-16-2025,,,,,,,,,,,,,,,,,,,,,,,,,,,,,,,,,
Calibration Pure Dye FAM is expired,No,,,,,,,,,,,,,,,,,,,,,,,,,,,,,,,,,
Calibration Pure Dye FAM performed on,10-16-2025,,,,,,,,,,,,,,,,,,,,,,,,,,,,,,,,,
Calibration Pure Dye ROX is expired,No,,,,,,,,,,,,,,,,,,,,,,,,,,,,,,,,,
Calibration Pure Dye ROX performed on,10-16-2025,,,,,,,,,,,,,,,,,,,,,,,,,,,,,,,,,
Calibration Pure Dye SYBR is expired,No,,,,,,,,,,,,,,,,,,,,,,,,,,,,,,,,,
Calibration Pure Dye SYBR performed on,10-16-2025,,,,,,,,,,,,,,,,,,,,,,,,,,,,,,,,,
Calibration Pure Dye VIC is expired,No,,,,,,,,,,,,,,,,,,,,,,,,,,,,,,,,,
Calibration Pure Dye VIC performed on,10-16-2025,,,,,,,,,,,,,,,,,,,,,,,,,,,,,,,,,
Calibration ROI is expired ,No,,,,,,,,,,,,,,,,,,,,,,,,,,,,,,,,,
Calibration ROI performed on,10-16-2025,,,,,,,,,,,,,,,,,,,,,,,,,,,,,,,,,
Calibration Uniformity is expired ,No,,,,,,,,,,,,,,,,,,,,,,,,,,,,,,,,,
Calibration Uniformity performed on,10-16-2025,,,,,,,,,,,,,,,,,,,,,,,,,,,,,,,,,
Chemistry,TAQMAN,,,,,,,,,,,,,,,,,,,,,,,,,,,,,,,,,
Date Created,2025-11-07 12:09:16 PM PST,,,,,,,,,,,,,,,,,,,,,,,,,,,,,,,,,
Experiment Barcode,,,,,,,,,,,,,,,,,,,,,,,,,,,,,,,,,,
Experiment Comment,,,,,,,,,,,,,,,,,,,,,,,,,,,,,,,,,,
Experiment File Name,D:\Users\Administrator\Desktop\Greene Lab\August\251106 MCF7 Y537S las ful e2.eds,,,,,,,,,,,,,,,,,,,,,,,,,,,,,,,,,
Experiment Name,251106 MCF7 Y537S las ful e2,,,,,,,,,,,,,,,,,,,,,,,,,,,,,,,,,
Experiment Run End Time,2025-11-06 14:54:36 PM PST,,,,,,,,,,,,,,,,,,,,,,,,,,,,,,,,,
Experiment Type,Comparative Cт (ΔΔCт) ,,,,,,,,,,,,,,,,,,,,,,,,,,,,,,,,,
Instrument Name,      272313848,,,,,,,,,,,,,,,,,,,,,,,,,,,,,,,,,
Instrument Serial Number,272313848,,,,,,,,,,,,,,,,,,,,,,,,,,,,,,,,,
Instrument Type,QuantStudio™ 3 System,,,,,,,,,,,,,,,,,,,,,,,,,,,,,,,,,
Passive Reference,ROX,,,,,,,,,,,,,,,,,,,,,,,,,,,,,,,,,
Post-read Stage/Step,,,,,,,,,,,,,,,,,,,,,,,,,,,,,,,,,,
Pre-read Stage/Step,,,,,,,,,,,,,,,,,,,,,,,,,,,,,,,,,,
Quantification Cycle Method,Ct,,,,,,,,,,,,,,,,,,,,,,,,,,,,,,,,,
Signal Smoothing On,true,,,,,,,,,,,,,,,,,,,,,,,,,,,,,,,,,
Stage/ Cycle where Ct Analysis is performed,"Stage2, Step2",,,,,,,,,,,,,,,,,,,,,,,,,,,,,,,,,
User Name,,,,,,,,,,,,,,,,,,,,,,,,,,,,,,,,,,
,,,,,,,,,,,,,,,,,,,,,,,,,,,,,,,,,,
Well,Well Position,Omit,Sample Name,Target Name,Task,Reporter,Quencher,Quantity,Quantity Mean,Quantity SD,RQ,RQ Min,RQ Max,CT,Ct Mean,Ct SD,Delta Ct,Delta Ct Mean,Delta Ct SD,Delta Ct SE,Delta Delta Ct,Automatic Ct Threshold,Ct Threshold,Automatic Baseline,Baseline Start,Baseline End,Amp Status,Comments,Cq Conf,CQCONF,EXPFAIL,THOLDFAIL,HIGHSD,NOAMP
1,A1,FALSE,Veh,B2M,UNKNOWN,VIC,NFQ-MGB,,,,,,,26.819,26.446,0.329,,,,,,TRUE,0.106,TRUE,3,22,Amp,,0.988,N,N,N,N,N
1,A1,FALSE,Veh,PGR,UNKNOWN,FAM,NFQ-MGB,,,,1.000,0.124,8.096,37.880,37.053,1.305,11.060,10.607,1.215,0.701,0.000,TRUE,0.040,TRUE,3,34,Amp,,0.626,Y,N,Y,Y,N
2,A2,FALSE,Veh,B2M,UNKNOWN,VIC,NFQ-MGB,,,,,,,26.201,26.446,0.329,,,,,,TRUE,0.106,TRUE,3,22,Amp,,0.988,N,N,N,N,N
2,A2,FALSE,Veh,PGR,UNKNOWN,FAM,NFQ-MGB,,,,1.000,0.124,8.096,37.730,37.053,1.305,11.530,10.607,1.215,0.701,0.000,TRUE,0.040,TRUE,3,34,Amp,,0.859,N,N,Y,Y,N
3,A3,FALSE,Veh,B2M,UNKNOWN,VIC,NFQ-MGB,,,,,,,26.317,26.446,0.329,,,,,,TRUE,0.106,TRUE,3,22,Amp,,0.986,N,N,N,N,N
3,A3,FALSE,Veh,PGR,UNKNOWN,FAM,NFQ-MGB,,,,1.000,0.124,8.096,35.548,37.053,1.305,9.231,10.607,1.215,0.701,0.000,TRUE,0.040,TRUE,3,32,Amp,,0.938,N,N,Y,Y,N
4,A4,FALSE,E2,B2M,UNKNOWN,VIC,NFQ-MGB,,,,,,,26.608,26.479,0.401,,,,,,TRUE,0.106,TRUE,3,22,Amp,,0.988,N,N,N,N,N
4,A4,FALSE,E2,PGR,UNKNOWN,FAM,NFQ-MGB,,,,2.453,0.746,8.070,35.787,35.792,0.297,9.179,9.312,0.692,0.399,-1.295,TRUE,0.040,TRUE,3,33,Amp,,0.948,N,N,Y,N,N
5,A5,FALSE,E2,B2M,UNKNOWN,VIC,NFQ-MGB,,,,,,,26.800,26.479,0.401,,,,,,TRUE,0.106,TRUE,3,22,Amp,,0.985,N,N,N,N,N
5,A5,FALSE,E2,PGR,UNKNOWN,FAM,NFQ-MGB,,,,2.453,0.746,8.070,35.497,35.792,0.297,8.697,9.312,0.692,0.399,-1.295,TRUE,0.040,TRUE,3,32,Amp,,0.938,N,N,Y,N,N
6,A6,FALSE,E2,B2M,UNKNOWN,VIC,NFQ-MGB,,,,,,,26.030,26.479,0.401,,,,,,TRUE,0.106,TRUE,3,21,Amp,,0.983,N,N,N,N,N
6,A6,FALSE,E2,PGR,UNKNOWN,FAM,NFQ-MGB,,,,2.453,0.746,8.070,36.091,35.792,0.297,10.061,9.312,0.692,0.399,-1.295,TRUE,0.040,TRUE,3,33,Amp,,0.931,N,N,Y,N,N
7,A7,FALSE,Ful,B2M,UNKNOWN,VIC,NFQ-MGB,,,,,,,25.960,25.665,0.282,,,,,,TRUE,0.106,TRUE,3,21,Amp,,0.989,N,N,N,N,N
7,A7,FALSE,Ful,PGR,UNKNOWN,FAM,NFQ-MGB,,,,0.549,0.516,0.585,37.439,37.150,0.408,11.479,11.471,0.010,0.007,0.865,TRUE,0.040,TRUE,3,34,Amp,,0.859,N,N,Y,N,N
8,A8,FALSE,Ful,B2M,UNKNOWN,VIC,NFQ-MGB,,,,,,,25.639,25.665,0.282,,,,,,TRUE,0.106,TRUE,3,21,Amp,,0.990,N,N,N,N,N
8,A8,FALSE,Ful,PGR,UNKNOWN,FAM,NFQ-MGB,,,,,,,Undetermined,37.150,0.408,,,,,,TRUE,0.040,TRUE,3,34,Amp,,0.000,Y,N,Y,N,N
9,A9,FALSE,Ful,B2M,UNKNOWN,VIC,NFQ-MGB,,,,,,,25.397,25.665,0.282,,,,,,TRUE,0.106,TRUE,3,21,Amp,,0.974,N,N,N,N,N
9,A9,FALSE,Ful,PGR,UNKNOWN,FAM,NFQ-MGB,,,,0.549,0.516,0.585,36.861,37.150,0.408,11.464,11.471,0.010,0.007,0.865,TRUE,0.040,TRUE,3,33,Amp,,0.769,Y,N,Y,N,N
10,A10,FALSE,Laso,B2M,UNKNOWN,VIC,NFQ-MGB,,,,,,,26.083,26.247,0.448,,,,,,TRUE,0.106,TRUE,3,22,Amp,,0.987,N,N,N,N,N
10,A10,FALSE,Laso,PGR,UNKNOWN,FAM,NFQ-MGB,,,,,,,Undetermined,37.552,0.260,,,,,,TRUE,0.040,TRUE,3,39,No Amp,,0.000,Y,Y,Y,N,N
11,A11,FALSE,Laso,B2M,UNKNOWN,VIC,NFQ-MGB,,,,,,,26.754,26.247,0.448,,,,,,TRUE,0.106,TRUE,3,22,Amp,,0.987,N,N,N,N,N
11,A11,FALSE,Laso,PGR,UNKNOWN,FAM,NFQ-MGB,,,,0.652,0.003,139.003,37.368,37.552,0.260,10.614,11.223,0.861,0.609,0.616,TRUE,0.040,TRUE,3,34,Inconclusive,,0.915,N,N,Y,N,N
12,A12,FALSE,Laso,B2M,UNKNOWN,VIC,NFQ-MGB,,,,,,,25.904,26.247,0.448,,,,,,TRUE,0.106,TRUE,3,21,Amp,,0.986,N,N,N,N,N
12,A12,FALSE,Laso,PGR,UNKNOWN,FAM,NFQ-MGB,,,,0.652,0.003,139.003,37.735,37.552,0.260,11.832,11.223,0.861,0.609,0.616,TRUE,0.040,TRUE,3,34,Amp,,0.915,N,N,Y,N,N
13,B1,FALSE,Veh,B2M,UNKNOWN,VIC,NFQ-MGB,,,,,,,25.857,25.547,0.380,,,,,,TRUE,0.106,TRUE,3,21,Amp,,0.989,N,N,N,N,N
13,B1,FALSE,Veh,BCL2,UNKNOWN,FAM,NFQ-MGB,,,,1.000,0.536,1.867,29.053,29.159,0.245,3.196,3.612,0.362,0.209,0.000,TRUE,0.294,TRUE,3,23,Amp,,0.987,N,N,N,N,N
14,B2,FALSE,Veh,B2M,UNKNOWN,VIC,NFQ-MGB,,,,,,,25.123,25.547,0.380,,,,,,TRUE,0.106,TRUE,3,21,Amp,,0.982,N,N,N,N,N
14,B2,FALSE,Veh,BCL2,UNKNOWN,FAM,NFQ-MGB,,,,1.000,0.536,1.867,28.984,29.159,0.245,3.861,3.612,0.362,0.209,0.000,TRUE,0.294,TRUE,3,23,Amp,,0.992,N,N,N,N,N
15,B3,FALSE,Veh,B2M,UNKNOWN,VIC,NFQ-MGB,,,,,,,25.660,25.547,0.380,,,,,,TRUE,0.106,TRUE,3,21,Amp,,0.985,N,N,N,N,N
15,B3,FALSE,Veh,BCL2,UNKNOWN,FAM,NFQ-MGB,,,,1.000,0.536,1.867,29.439,29.159,0.245,3.778,3.612,0.362,0.209,0.000,TRUE,0.294,TRUE,3,23,Amp,,0.988,N,N,N,N,N
16,B4,FALSE,E2,B2M,UNKNOWN,VIC,NFQ-MGB,,,,,,,25.630,25.412,0.589,,,,,,TRUE,0.106,TRUE,3,21,Amp,,0.987,N,N,N,Y,N
16,B4,FALSE,E2,BCL2,UNKNOWN,FAM,NFQ-MGB,,,,0.964,0.355,2.617,28.920,29.076,0.156,3.289,3.664,0.580,0.335,0.052,TRUE,0.294,TRUE,3,23,Amp,,0.989,N,N,N,N,N
17,B5,FALSE,E2,B2M,UNKNOWN,VIC,NFQ-MGB,,,,,,,25.861,25.412,0.589,,,,,,TRUE,0.106,TRUE,3,21,Amp,,0.985,N,N,N,Y,N
17,B5,FALSE,E2,BCL2,UNKNOWN,FAM,NFQ-MGB,,,,0.964,0.355,2.617,29.232,29.076,0.156,3.371,3.664,0.580,0.335,0.052,TRUE,0.294,TRUE,3,23,Amp,,0.988,N,N,N,N,N
18,B6,FALSE,E2,B2M,UNKNOWN,VIC,NFQ-MGB,,,,,,,24.746,25.412,0.589,,,,,,TRUE,0.106,TRUE,3,20,Amp,,0.992,N,N,N,Y,N
18,B6,FALSE,E2,BCL2,UNKNOWN,FAM,NFQ-MGB,,,,0.964,0.355,2.617,29.077,29.076,0.156,4.332,3.664,0.580,0.335,0.052,TRUE,0.294,TRUE,3,23,Amp,,0.987,N,N,N,N,N
19,B7,FALSE,Ful,B2M,UNKNOWN,VIC,NFQ-MGB,,,,,,,24.989,24.826,0.144,,,,,,TRUE,0.106,TRUE,3,21,Amp,,0.990,N,N,N,N,N
19,B7,FALSE,Ful,BCL2,UNKNOWN,FAM,NFQ-MGB,,,,0.782,0.549,1.114,28.765,28.792,0.104,3.776,3.967,0.206,0.119,0.355,TRUE,0.294,TRUE,3,23,Amp,,0.992,N,N,N,N,N
20,B8,FALSE,Ful,B2M,UNKNOWN,VIC,NFQ-MGB,,,,,,,24.722,24.826,0.144,,,,,,TRUE,0.106,TRUE,3,20,Amp,,0.988,N,N,N,N,N
20,B8,FALSE,Ful,BCL2,UNKNOWN,FAM,NFQ-MGB,,,,0.782,0.549,1.114,28.907,28.792,0.104,4.185,3.967,0.206,0.119,0.355,TRUE,0.294,TRUE,3,23,Amp,,0.991,N,N,N,N,N
21,B9,FALSE,Ful,B2M,UNKNOWN,VIC,NFQ-MGB,,,,,,,24.766,24.826,0.144,,,,,,TRUE,0.106,TRUE,3,20,Amp,,0.986,N,N,N,N,N
21,B9,FALSE,Ful,BCL2,UNKNOWN,FAM,NFQ-MGB,,,,0.782,0.549,1.114,28.705,28.792,0.104,3.939,3.967,0.206,0.119,0.355,TRUE,0.294,TRUE,3,23,Amp,,0.989,N,N,N,N,N
22,B10,FALSE,Laso,B2M,UNKNOWN,VIC,NFQ-MGB,,,,,,,24.940,25.214,0.510,,,,,,TRUE,0.106,TRUE,3,20,Amp,,0.991,N,N,N,Y,N
22,B10,FALSE,Laso,BCL2,UNKNOWN,FAM,NFQ-MGB,,,,1.152,0.800,1.659,28.548,28.621,0.337,3.608,3.407,0.212,0.122,-0.205,TRUE,0.294,TRUE,3,22,Amp,,0.992,N,N,N,N,N
23,B11,FALSE,Laso,B2M,UNKNOWN,VIC,NFQ-MGB,,,,,,,25.803,25.214,0.510,,,,,,TRUE,0.106,TRUE,3,21,Amp,,0.989,N,N,N,Y,N
23,B11,FALSE,Laso,BCL2,UNKNOWN,FAM,NFQ-MGB,,,,1.152,0.800,1.659,28.988,28.621,0.337,3.186,3.407,0.212,0.122,-0.205,TRUE,0.294,TRUE,3,23,Amp,,0.990,N,N,N,N,N
24,B12,FALSE,Laso,B2M,UNKNOWN,VIC,NFQ-MGB,,,,,,,24.899,25.214,0.510,,,,,,TRUE,0.106,TRUE,3,20,Amp,,0.987,N,N,N,Y,N
24,B12,FALSE,Laso,BCL2,UNKNOWN,FAM,NFQ-MGB,,,,1.152,0.800,1.659,28.327,28.621,0.337,3.428,3.407,0.212,0.122,-0.205,TRUE,0.294,TRUE,3,22,Amp,,0.991,N,N,N,N,N
25,C1,FALSE,Veh,B2M,UNKNOWN,VIC,NFQ-MGB,,,,,,,25.856,25.448,0.441,,,,,,TRUE,0.106,TRUE,3,21,Amp,,0.986,N,N,N,N,N
25,C1,FALSE,Veh,TGFB1,UNKNOWN,FAM,NFQ-MGB,,,,1.000,0.808,1.238,35.059,34.578,0.445,9.203,9.130,0.124,0.072,0.000,TRUE,0.199,TRUE,3,30,Amp,,0.990,N,N,N,N,N
26,C2,FALSE,Veh,B2M,UNKNOWN,VIC,NFQ-MGB,,,,,,,24.981,25.448,0.441,,,,,,TRUE,0.106,TRUE,3,21,Amp,,0.983,N,N,N,N,N
26,C2,FALSE,Veh,TGFB1,UNKNOWN,FAM,NFQ-MGB,,,,1.000,0.808,1.238,34.181,34.578,0.445,9.201,9.130,0.124,0.072,0.000,TRUE,0.199,TRUE,3,29,Amp,,0.994,N,N,N,N,N
27,C3,FALSE,Veh,B2M,UNKNOWN,VIC,NFQ-MGB,,,,,,,25.507,25.448,0.441,,,,,,TRUE,0.106,TRUE,3,21,Amp,,0.990,N,N,N,N,N
27,C3,FALSE,Veh,TGFB1,UNKNOWN,FAM,NFQ-MGB,,,,1.000,0.808,1.238,34.494,34.578,0.445,8.987,9.130,0.124,0.072,0.000,TRUE,0.199,TRUE,3,30,Amp,,0.994,N,N,N,N,N
28,C4,FALSE,E2,B2M,UNKNOWN,VIC,NFQ-MGB,,,,,,,25.893,25.561,0.552,,,,,,TRUE,0.106,TRUE,3,21,Amp,,0.984,N,N,N,Y,N
28,C4,FALSE,E2,TGFB1,UNKNOWN,FAM,NFQ-MGB,,,,0.935,0.592,1.478,34.946,34.788,0.287,9.053,9.227,0.266,0.154,0.097,TRUE,0.199,TRUE,3,30,Amp,,0.996,N,N,N,N,N
29,C5,FALSE,E2,B2M,UNKNOWN,VIC,NFQ-MGB,,,,,,,25.866,25.561,0.552,,,,,,TRUE,0.106,TRUE,3,21,Amp,,0.991,N,N,N,Y,N
29,C5,FALSE,E2,TGFB1,UNKNOWN,FAM,NFQ-MGB,,,,0.935,0.592,1.478,34.961,34.788,0.287,9.094,9.227,0.266,0.154,0.097,TRUE,0.199,TRUE,3,30,Amp,,0.992,N,N,N,N,N
30,C6,FALSE,E2,B2M,UNKNOWN,VIC,NFQ-MGB,,,,,,,24.924,25.561,0.552,,,,,,TRUE,0.106,TRUE,3,20,Amp,,0.985,N,N,N,Y,N
30,C6,FALSE,E2,TGFB1,UNKNOWN,FAM,NFQ-MGB,,,,0.935,0.592,1.478,34.457,34.788,0.287,9.533,9.227,0.266,0.154,0.097,TRUE,0.199,TRUE,3,30,Amp,,0.995,N,N,N,N,N
31,C7,FALSE,Ful,B2M,UNKNOWN,VIC,NFQ-MGB,,,,,,,25.082,24.785,0.259,,,,,,TRUE,0.106,TRUE,3,21,Amp,,0.983,N,N,N,N,N
31,C7,FALSE,Ful,TGFB1,UNKNOWN,FAM,NFQ-MGB,,,,0.776,0.487,1.236,34.339,34.281,0.153,9.257,9.496,0.270,0.156,0.366,TRUE,0.199,TRUE,3,29,Amp,,0.995,N,N,N,N,N
32,C8,FALSE,Ful,B2M,UNKNOWN,VIC,NFQ-MGB,,,,,,,24.667,24.785,0.259,,,,,,TRUE,0.106,TRUE,3,20,Amp,,0.984,N,N,N,N,N
32,C8,FALSE,Ful,TGFB1,UNKNOWN,FAM,NFQ-MGB,,,,0.776,0.487,1.236,34.108,34.281,0.153,9.441,9.496,0.270,0.156,0.366,TRUE,0.199,TRUE,3,29,Amp,,0.992,N,N,N,N,N
33,C9,FALSE,Ful,B2M,UNKNOWN,VIC,NFQ-MGB,,,,,,,24.607,24.785,0.259,,,,,,TRUE,0.106,TRUE,3,20,Amp,,0.969,N,N,N,N,N
33,C9,FALSE,Ful,TGFB1,UNKNOWN,FAM,NFQ-MGB,,,,0.776,0.487,1.236,34.396,34.281,0.153,9.790,9.496,0.270,0.156,0.366,TRUE,0.199,TRUE,3,30,Amp,,0.995,N,N,N,N,N
34,C10,FALSE,Laso,B2M,UNKNOWN,VIC,NFQ-MGB,,,,,,,25.192,25.311,0.426,,,,,,TRUE,0.106,TRUE,3,21,Amp,,0.984,N,N,N,N,N
34,C10,FALSE,Laso,TGFB1,UNKNOWN,FAM,NFQ-MGB,,,,0.764,0.494,1.182,34.906,34.829,0.605,9.714,9.518,0.253,0.146,0.388,TRUE,0.199,TRUE,3,30,Amp,,0.993,N,N,N,Y,N
35,C11,FALSE,Laso,B2M,UNKNOWN,VIC,NFQ-MGB,,,,,,,25.784,25.311,0.426,,,,,,TRUE,0.106,TRUE,3,21,Amp,,0.987,N,N,N,N,N
35,C11,FALSE,Laso,TGFB1,UNKNOWN,FAM,NFQ-MGB,,,,0.764,0.494,1.182,35.392,34.829,0.605,9.608,9.518,0.253,0.146,0.388,TRUE,0.199,TRUE,3,30,Amp,,0.989,N,N,N,Y,N
36,C12,FALSE,Laso,B2M,UNKNOWN,VIC,NFQ-MGB,,,,,,,24.957,25.311,0.426,,,,,,TRUE,0.106,TRUE,3,20,Amp,,0.988,N,N,N,N,N
36,C12,FALSE,Laso,TGFB1,UNKNOWN,FAM,NFQ-MGB,,,,0.764,0.494,1.182,34.189,34.829,0.605,9.232,9.518,0.253,0.146,0.388,TRUE,0.199,TRUE,3,29,Amp,,0.993,N,N,N,Y,N
37,D1,FALSE,Veh,B2M,UNKNOWN,VIC,NFQ-MGB,,,,,,,25.740,25.465,0.266,,,,,,TRUE,0.106,TRUE,3,21,Amp,,0.991,N,N,N,N,N
37,D1,FALSE,Veh,BIK,UNKNOWN,FAM,NFQ-MGB,,,,1.000,0.283,3.538,37.210,36.166,1.000,11.470,10.701,0.734,0.424,0.000,TRUE,0.152,TRUE,3,32,Amp,,0.970,N,N,N,Y,N
38,D2,FALSE,Veh,B2M,UNKNOWN,VIC,NFQ-MGB,,,,,,,25.208,25.465,0.266,,,,,,TRUE,0.106,TRUE,3,21,Amp,,0.983,N,N,N,N,N
38,D2,FALSE,Veh,BIK,UNKNOWN,FAM,NFQ-MGB,,,,1.000,0.283,3.538,35.216,36.166,1.000,10.008,10.701,0.734,0.424,0.000,TRUE,0.152,TRUE,3,31,Amp,,0.989,N,N,N,Y,N
39,D3,FALSE,Veh,B2M,UNKNOWN,VIC,NFQ-MGB,,,,,,,25.447,25.465,0.266,,,,,,TRUE,0.106,TRUE,3,21,Amp,,0.988,N,N,N,N,N
39,D3,FALSE,Veh,BIK,UNKNOWN,FAM,NFQ-MGB,,,,1.000,0.283,3.538,36.071,36.166,1.000,10.624,10.701,0.734,0.424,0.000,TRUE,0.152,TRUE,3,31,Amp,,0.986,N,N,N,Y,N
40,D4,FALSE,E2,B2M,UNKNOWN,VIC,NFQ-MGB,,,,,,,25.745,25.416,0.616,,,,,,TRUE,0.106,TRUE,3,21,Amp,,0.986,N,N,N,Y,N
40,D4,FALSE,E2,BIK,UNKNOWN,FAM,NFQ-MGB,,,,1.326,1.022,1.719,35.962,35.710,0.465,10.217,10.294,0.151,0.087,-0.407,TRUE,0.152,TRUE,3,31,Amp,,0.990,N,N,N,N,N
41,D5,FALSE,E2,B2M,UNKNOWN,VIC,NFQ-MGB,,,,,,,25.798,25.416,0.616,,,,,,TRUE,0.106,TRUE,3,21,Amp,,0.987,N,N,N,Y,N
41,D5,FALSE,E2,BIK,UNKNOWN,FAM,NFQ-MGB,,,,1.326,1.022,1.719,35.996,35.710,0.465,10.198,10.294,0.151,0.087,-0.407,TRUE,0.152,TRUE,3,31,Amp,,0.988,N,N,N,N,N
42,D6,FALSE,E2,B2M,UNKNOWN,VIC,NFQ-MGB,,,,,,,24.706,25.416,0.616,,,,,,TRUE,0.106,TRUE,3,20,Amp,,0.984,N,N,N,Y,N
42,D6,FALSE,E2,BIK,UNKNOWN,FAM,NFQ-MGB,,,,1.326,1.022,1.719,35.174,35.710,0.465,10.468,10.294,0.151,0.087,-0.407,TRUE,0.152,TRUE,3,30,Amp,,0.990,N,N,N,N,N
43,D7,FALSE,Ful,B2M,UNKNOWN,VIC,NFQ-MGB,,,,,,,24.935,24.696,0.211,,,,,,TRUE,0.106,TRUE,3,20,Amp,,0.990,N,N,N,N,N
43,D7,FALSE,Ful,BIK,UNKNOWN,FAM,NFQ-MGB,,,,1.093,0.113,10.548,34.705,35.269,1.259,9.769,10.572,1.317,0.760,-0.128,TRUE,0.152,TRUE,3,30,Amp,,0.993,N,N,N,Y,N
44,D8,FALSE,Ful,B2M,UNKNOWN,VIC,NFQ-MGB,,,,,,,24.534,24.696,0.211,,,,,,TRUE,0.106,TRUE,3,20,Amp,,0.987,N,N,N,N,N
44,D8,FALSE,Ful,BIK,UNKNOWN,FAM,NFQ-MGB,,,,1.093,0.113,10.548,34.390,35.269,1.259,9.856,10.572,1.317,0.760,-0.128,TRUE,0.152,TRUE,3,30,Amp,,0.993,N,N,N,Y,N
45,D9,FALSE,Ful,B2M,UNKNOWN,VIC,NFQ-MGB,,,,,,,24.619,24.696,0.211,,,,,,TRUE,0.106,TRUE,3,20,Amp,,0.982,N,N,N,N,N
45,D9,FALSE,Ful,BIK,UNKNOWN,FAM,NFQ-MGB,,,,1.093,0.113,10.548,36.711,35.269,1.259,12.092,10.572,1.317,0.760,-0.128,TRUE,0.152,TRUE,3,32,Amp,,0.975,N,N,N,Y,N
46,D10,FALSE,Laso,B2M,UNKNOWN,VIC,NFQ-MGB,,,,,,,24.984,25.354,0.336,,,,,,TRUE,0.106,TRUE,3,20,Amp,,0.987,N,N,N,N,N
46,D10,FALSE,Laso,BIK,UNKNOWN,FAM,NFQ-MGB,,,,1.488,0.802,2.763,35.475,35.481,0.070,10.491,10.127,0.359,0.207,-0.574,TRUE,0.152,TRUE,3,31,Amp,,0.988,N,N,N,N,N
47,D11,FALSE,Laso,B2M,UNKNOWN,VIC,NFQ-MGB,,,,,,,25.641,25.354,0.336,,,,,,TRUE,0.106,TRUE,3,21,Amp,,0.989,N,N,N,N,N
47,D11,FALSE,Laso,BIK,UNKNOWN,FAM,NFQ-MGB,,,,1.488,0.802,2.763,35.414,35.481,0.070,9.773,10.127,0.359,0.207,-0.574,TRUE,0.152,TRUE,3,31,Amp,,0.991,N,N,N,N,N
48,D12,FALSE,Laso,B2M,UNKNOWN,VIC,NFQ-MGB,,,,,,,25.437,25.354,0.336,,,,,,TRUE,0.106,TRUE,3,21,Amp,,0.987,N,N,N,N,N
48,D12,FALSE,Laso,BIK,UNKNOWN,FAM,NFQ-MGB,,,,1.488,0.802,2.763,35.554,35.481,0.070,10.117,10.127,0.359,0.207,-0.574,TRUE,0.152,TRUE,3,31,Amp,,0.987,N,N,N,N,N
49,E1,FALSE,Veh,B2M,UNKNOWN,VIC,NFQ-MGB,,,,,,,26.161,25.803,0.359,,,,,,TRUE,0.106,TRUE,3,22,Amp,,0.987,N,N,N,N,N
49,E1,FALSE,Veh,CCND2,UNKNOWN,FAM,NFQ-MGB,,,,,,,Undetermined,,,,,,,,TRUE,0.040,TRUE,3,39,No Amp,,0.000,Y,Y,Y,N,N
50,E2,FALSE,Veh,B2M,UNKNOWN,VIC,NFQ-MGB,,,,,,,25.442,25.803,0.359,,,,,,TRUE,0.106,TRUE,3,21,Amp,,0.982,N,N,N,N,N
50,E2,FALSE,Veh,CCND2,UNKNOWN,FAM,NFQ-MGB,,,,,,,Undetermined,,,,,,,,TRUE,0.040,TRUE,3,39,No Amp,,0.000,Y,Y,Y,N,Y
51,E3,FALSE,Veh,B2M,UNKNOWN,VIC,NFQ-MGB,,,,,,,25.805,25.803,0.359,,,,,,TRUE,0.106,TRUE,3,21,Amp,,0.987,N,N,N,N,N
51,E3,FALSE,Veh,CCND2,UNKNOWN,FAM,NFQ-MGB,,,,,,,Undetermined,,,,,,,,TRUE,0.040,TRUE,3,39,No Amp,,0.000,Y,Y,Y,N,N
52,E4,FALSE,E2,B2M,UNKNOWN,VIC,NFQ-MGB,,,,,,,26.232,25.879,0.643,,,,,,TRUE,0.106,TRUE,3,22,Amp,,0.984,N,N,N,Y,N
52,E4,FALSE,E2,CCND2,UNKNOWN,FAM,NFQ-MGB,,,,,,,Undetermined,,,,,,,,TRUE,0.040,TRUE,3,39,No Amp,,0.000,Y,Y,Y,N,Y
53,E5,FALSE,E2,B2M,UNKNOWN,VIC,NFQ-MGB,,,,,,,26.268,25.879,0.643,,,,,,TRUE,0.106,TRUE,3,22,Amp,,0.988,N,N,N,Y,N
53,E5,FALSE,E2,CCND2,UNKNOWN,FAM,NFQ-MGB,,,,,,,Undetermined,,,,,,,,TRUE,0.040,TRUE,3,39,No Amp,,0.000,Y,Y,Y,N,Y
54,E6,FALSE,E2,B2M,UNKNOWN,VIC,NFQ-MGB,,,,,,,25.137,25.879,0.643,,,,,,TRUE,0.106,TRUE,3,20,Amp,,0.985,N,N,N,Y,N
54,E6,FALSE,E2,CCND2,UNKNOWN,FAM,NFQ-MGB,,,,,,,Undetermined,,,,,,,,TRUE,0.040,TRUE,3,39,No Amp,,0.000,Y,Y,Y,N,Y
55,E7,FALSE,Ful,B2M,UNKNOWN,VIC,NFQ-MGB,,,,,,,25.399,25.079,0.285,,,,,,TRUE,0.106,TRUE,3,21,Amp,,0.988,N,N,N,N,N
55,E7,FALSE,Ful,CCND2,UNKNOWN,FAM,NFQ-MGB,,,,,,,Undetermined,,,,,,,,TRUE,0.040,TRUE,3,39,No Amp,,0.000,Y,Y,Y,N,Y
56,E8,FALSE,Ful,B2M,UNKNOWN,VIC,NFQ-MGB,,,,,,,24.854,25.079,0.285,,,,,,TRUE,0.106,TRUE,3,20,Amp,,0.988,N,N,N,N,N
56,E8,FALSE,Ful,CCND2,UNKNOWN,FAM,NFQ-MGB,,,,,,,Undetermined,,,,,,,,TRUE,0.040,TRUE,3,39,No Amp,,0.000,Y,Y,Y,N,Y
57,E9,FALSE,Ful,B2M,UNKNOWN,VIC,NFQ-MGB,,,,,,,24.984,25.079,0.285,,,,,,TRUE,0.106,TRUE,3,20,Amp,,0.986,N,N,N,N,N
57,E9,FALSE,Ful,CCND2,UNKNOWN,FAM,NFQ-MGB,,,,,,,Undetermined,,,,,,,,TRUE,0.040,TRUE,3,39,No Amp,,0.000,Y,Y,Y,N,N
58,E10,FALSE,Laso,B2M,UNKNOWN,VIC,NFQ-MGB,,,,,,,25.383,25.617,0.376,,,,,,TRUE,0.106,TRUE,3,21,Amp,,0.983,N,N,N,N,N
58,E10,FALSE,Laso,CCND2,UNKNOWN,FAM,NFQ-MGB,,,,,,,37.436,37.436,,12.053,,,,,TRUE,0.040,TRUE,3,34,Inconclusive,,0.885,N,N,Y,N,N
59,E11,FALSE,Laso,B2M,UNKNOWN,VIC,NFQ-MGB,,,,,,,26.050,25.617,0.376,,,,,,TRUE,0.106,TRUE,3,21,Amp,,0.985,N,N,N,N,N
59,E11,FALSE,Laso,CCND2,UNKNOWN,FAM,NFQ-MGB,,,,,,,Undetermined,37.436,,,,,,,TRUE,0.040,TRUE,3,39,No Amp,,0.000,Y,Y,Y,N,N
60,E12,FALSE,Laso,B2M,UNKNOWN,VIC,NFQ-MGB,,,,,,,25.417,25.617,0.376,,,,,,TRUE,0.106,TRUE,3,21,Amp,,0.992,N,N,N,N,N
60,E12,FALSE,Laso,CCND2,UNKNOWN,FAM,NFQ-MGB,,,,,,,Undetermined,37.436,,,,,,,TRUE,0.040,TRUE,3,39,No Amp,,0.000,Y,Y,Y,N,N
61,F1,FALSE,Veh,B2M,UNKNOWN,VIC,NFQ-MGB,,,,,,,25.657,25.295,0.315,,,,,,TRUE,0.106,TRUE,3,21,Amp,,0.986,N,N,N,N,N
61,F1,FALSE,Veh,BAX,UNKNOWN,FAM,NFQ-MGB,,,,,,,Undetermined,,,,,,,,TRUE,0.040,TRUE,3,39,No Amp,,0.000,Y,Y,Y,N,N
62,F2,FALSE,Veh,B2M,UNKNOWN,VIC,NFQ-MGB,,,,,,,25.090,25.295,0.315,,,,,,TRUE,0.106,TRUE,3,21,Amp,,0.989,N,N,N,N,N
62,F2,FALSE,Veh,BAX,UNKNOWN,FAM,NFQ-MGB,,,,,,,Undetermined,,,,,,,,TRUE,0.040,TRUE,3,39,No Amp,,0.000,Y,Y,Y,N,N
63,F3,FALSE,Veh,B2M,UNKNOWN,VIC,NFQ-MGB,,,,,,,25.138,25.295,0.315,,,,,,TRUE,0.106,TRUE,3,21,Amp,,0.988,N,N,N,N,N
63,F3,FALSE,Veh,BAX,UNKNOWN,FAM,NFQ-MGB,,,,,,,Undetermined,,,,,,,,TRUE,0.040,TRUE,3,39,No Amp,,0.000,Y,Y,Y,N,N
64,F4,FALSE,E2,B2M,UNKNOWN,VIC,NFQ-MGB,,,,,,,25.558,25.260,0.628,,,,,,TRUE,0.106,TRUE,3,21,Amp,,0.989,N,N,N,Y,N
64,F4,FALSE,E2,BAX,UNKNOWN,FAM,NFQ-MGB,,,,,,,38.156,37.444,0.820,12.598,,,,,TRUE,0.040,TRUE,3,35,Inconclusive,,0.783,Y,N,Y,Y,N
65,F5,FALSE,E2,B2M,UNKNOWN,VIC,NFQ-MGB,,,,,,,25.684,25.260,0.628,,,,,,TRUE,0.106,TRUE,3,21,Amp,,0.989,N,N,N,Y,N
65,F5,FALSE,E2,BAX,UNKNOWN,FAM,NFQ-MGB,,,,,,,37.628,37.444,0.820,11.944,,,,,TRUE,0.040,TRUE,3,34,Inconclusive,,0.862,N,N,Y,Y,N
66,F6,FALSE,E2,B2M,UNKNOWN,VIC,NFQ-MGB,,,,,,,24.538,25.260,0.628,,,,,,TRUE,0.106,TRUE,3,20,Amp,,0.990,N,N,N,Y,N
66,F6,FALSE,E2,BAX,UNKNOWN,FAM,NFQ-MGB,,,,,,,36.547,37.444,0.820,12.009,,,,,TRUE,0.040,TRUE,3,33,Inconclusive,,0.922,N,N,Y,Y,N
67,F7,FALSE,Ful,B2M,UNKNOWN,VIC,NFQ-MGB,,,,,,,24.762,24.486,0.243,,,,,,TRUE,0.106,TRUE,3,20,Amp,,0.990,N,N,N,N,N
67,F7,FALSE,Ful,BAX,UNKNOWN,FAM,NFQ-MGB,,,,,,,Undetermined,38.127,,,,,,,TRUE,0.040,TRUE,3,39,No Amp,,0.000,Y,Y,Y,N,N
68,F8,FALSE,Ful,B2M,UNKNOWN,VIC,NFQ-MGB,,,,,,,24.391,24.486,0.243,,,,,,TRUE,0.106,TRUE,3,20,Amp,,0.988,N,N,N,N,N
68,F8,FALSE,Ful,BAX,UNKNOWN,FAM,NFQ-MGB,,,,,,,38.127,38.127,,13.736,,,,,TRUE,0.040,TRUE,3,34,Inconclusive,,0.731,Y,N,Y,N,N
69,F9,FALSE,Ful,B2M,UNKNOWN,VIC,NFQ-MGB,,,,,,,24.306,24.486,0.243,,,,,,TRUE,0.106,TRUE,3,20,Amp,,0.992,N,N,N,N,N
69,F9,FALSE,Ful,BAX,UNKNOWN,FAM,NFQ-MGB,,,,,,,Undetermined,38.127,,,,,,,TRUE,0.040,TRUE,3,39,No Amp,,0.000,Y,Y,Y,N,N
70,F10,FALSE,Laso,B2M,UNKNOWN,VIC,NFQ-MGB,,,,,,,24.893,24.987,0.397,,,,,,TRUE,0.106,TRUE,3,20,Amp,,0.987,N,N,N,N,N
70,F10,FALSE,Laso,BAX,UNKNOWN,FAM,NFQ-MGB,,,,,,,37.208,37.343,0.191,12.315,,,,,TRUE,0.040,TRUE,3,34,Amp,,0.871,N,N,Y,N,N
71,F11,FALSE,Laso,B2M,UNKNOWN,VIC,NFQ-MGB,,,,,,,25.422,24.987,0.397,,,,,,TRUE,0.106,TRUE,3,21,Amp,,0.991,N,N,N,N,N
71,F11,FALSE,Laso,BAX,UNKNOWN,FAM,NFQ-MGB,,,,,,,Undetermined,37.343,0.191,,,,,,TRUE,0.040,TRUE,3,39,No Amp,,0.000,Y,Y,Y,N,N
72,F12,FALSE,Laso,B2M,UNKNOWN,VIC,NFQ-MGB,,,,,,,24.646,24.987,0.397,,,,,,TRUE,0.106,TRUE,3,20,Amp,,0.988,N,N,N,N,N
72,F12,FALSE,Laso,BAX,UNKNOWN,FAM,NFQ-MGB,,,,,,,37.478,37.343,0.191,12.832,,,,,TRUE,0.040,TRUE,3,34,Amp,,0.831,N,N,Y,N,N
73,G1,FALSE,Veh,B2M,UNKNOWN,VIC,NFQ-MGB,,,,,,,25.971,25.591,0.337,,,,,,TRUE,0.106,TRUE,3,21,Amp,,0.993,N,N,N,N,N
73,G1,FALSE,Veh,CCNE1,UNKNOWN,FAM,NFQ-MGB,,,,,,,Undetermined,,,,,,,,TRUE,0.200,TRUE,3,39,No Amp,,0.000,Y,Y,Y,N,N
74,G2,FALSE,Veh,B2M,UNKNOWN,VIC,NFQ-MGB,,,,,,,25.327,25.591,0.337,,,,,,TRUE,0.106,TRUE,3,20,Amp,,0.986,N,N,N,N,N
74,G2,FALSE,Veh,CCNE1,UNKNOWN,FAM,NFQ-MGB,,,,,,,Undetermined,,,,,,,,TRUE,0.200,TRUE,3,39,No Amp,,0.000,Y,Y,Y,N,N
75,G3,FALSE,Veh,B2M,UNKNOWN,VIC,NFQ-MGB,,,,,,,25.476,25.591,0.337,,,,,,TRUE,0.106,TRUE,3,21,Amp,,0.984,N,N,N,N,N
75,G3,FALSE,Veh,CCNE1,UNKNOWN,FAM,NFQ-MGB,,,,,,,Undetermined,,,,,,,,TRUE,0.200,TRUE,3,39,No Amp,,0.000,Y,Y,Y,N,N
76,G4,FALSE,E2,B2M,UNKNOWN,VIC,NFQ-MGB,,,,,,,25.866,25.567,0.580,,,,,,TRUE,0.106,TRUE,3,21,Amp,,0.991,N,N,N,Y,N
76,G4,FALSE,E2,CCNE1,UNKNOWN,FAM,NFQ-MGB,,,,,,,Undetermined,,,,,,,,TRUE,0.200,TRUE,3,39,No Amp,,0.000,Y,Y,Y,N,N
77,G5,FALSE,E2,B2M,UNKNOWN,VIC,NFQ-MGB,,,,,,,25.936,25.567,0.580,,,,,,TRUE,0.106,TRUE,3,21,Amp,,0.987,N,N,N,Y,N
77,G5,FALSE,E2,CCNE1,UNKNOWN,FAM,NFQ-MGB,,,,,,,Undetermined,,,,,,,,TRUE,0.200,TRUE,3,39,No Amp,,0.000,Y,Y,Y,N,N
78,G6,FALSE,E2,B2M,UNKNOWN,VIC,NFQ-MGB,,,,,,,24.899,25.567,0.580,,,,,,TRUE,0.106,TRUE,3,20,Amp,,0.984,N,N,N,Y,N
78,G6,FALSE,E2,CCNE1,UNKNOWN,FAM,NFQ-MGB,,,,,,,Undetermined,,,,,,,,TRUE,0.200,TRUE,3,8,Inconclusive,,0.000,Y,N,Y,N,N
79,G7,FALSE,Ful,B2M,UNKNOWN,VIC,NFQ-MGB,,,,,,,25.169,24.860,0.270,,,,,,TRUE,0.106,TRUE,3,21,Amp,,0.989,N,N,N,N,N
79,G7,FALSE,Ful,CCNE1,UNKNOWN,FAM,NFQ-MGB,,,,,,,Undetermined,,,,,,,,TRUE,0.200,TRUE,3,39,No Amp,,0.000,Y,Y,Y,N,N
80,G8,FALSE,Ful,B2M,UNKNOWN,VIC,NFQ-MGB,,,,,,,24.741,24.860,0.270,,,,,,TRUE,0.106,TRUE,3,20,Amp,,0.988,N,N,N,N,N
80,G8,FALSE,Ful,CCNE1,UNKNOWN,FAM,NFQ-MGB,,,,,,,Undetermined,,,,,,,,TRUE,0.200,TRUE,3,39,No Amp,,0.000,Y,Y,Y,N,N
81,G9,FALSE,Ful,B2M,UNKNOWN,VIC,NFQ-MGB,,,,,,,24.671,24.860,0.270,,,,,,TRUE,0.106,TRUE,3,20,Amp,,0.985,N,N,N,N,N
81,G9,FALSE,Ful,CCNE1,UNKNOWN,FAM,NFQ-MGB,,,,,,,Undetermined,,,,,,,,TRUE,0.200,TRUE,3,39,No Amp,,0.000,Y,Y,Y,N,N
82,G10,FALSE,Laso,B2M,UNKNOWN,VIC,NFQ-MGB,,,,,,,25.238,25.355,0.427,,,,,,TRUE,0.106,TRUE,3,21,Amp,,0.986,N,N,N,N,N
82,G10,FALSE,Laso,CCNE1,UNKNOWN,FAM,NFQ-MGB,,,,,,,Undetermined,,,,,,,,TRUE,0.200,TRUE,3,39,No Amp,,0.000,Y,Y,Y,N,N
83,G11,FALSE,Laso,B2M,UNKNOWN,VIC,NFQ-MGB,,,,,,,25.828,25.355,0.427,,,,,,TRUE,0.106,TRUE,3,21,Amp,,0.987,N,N,N,N,N
83,G11,FALSE,Laso,CCNE1,UNKNOWN,FAM,NFQ-MGB,,,,,,,Undetermined,,,,,,,,TRUE,0.200,TRUE,3,39,No Amp,,0.000,Y,Y,Y,N,N
84,G12,FALSE,Laso,B2M,UNKNOWN,VIC,NFQ-MGB,,,,,,,24.999,25.355,0.427,,,,,,TRUE,0.106,TRUE,3,20,Amp,,0.989,N,N,N,N,N
84,G12,FALSE,Laso,CCNE1,UNKNOWN,FAM,NFQ-MGB,,,,,,,Undetermined,,,,,,,,TRUE,0.200,TRUE,3,39,No Amp,,0.000,Y,Y,Y,N,N
85,H1,FALSE,Veh,B2M,UNKNOWN,VIC,NFQ-MGB,,,,,,,25.955,25.629,0.285,,,,,,TRUE,0.106,TRUE,3,21,Amp,,0.993,N,N,N,N,N
85,H1,FALSE,Veh,CDFN2A,UNKNOWN,FAM,NFQ-MGB,,,,,,,Undetermined,,,,,,,,TRUE,0.200,TRUE,3,39,No Amp,,0.000,Y,Y,Y,N,Y
86,H2,FALSE,Veh,B2M,UNKNOWN,VIC,NFQ-MGB,,,,,,,25.427,25.629,0.285,,,,,,TRUE,0.106,TRUE,3,21,Amp,,0.985,N,N,N,N,N
86,H2,FALSE,Veh,CDFN2A,UNKNOWN,FAM,NFQ-MGB,,,,,,,Undetermined,,,,,,,,TRUE,0.200,TRUE,3,39,No Amp,,0.000,Y,Y,Y,N,Y
87,H3,FALSE,Veh,B2M,UNKNOWN,VIC,NFQ-MGB,,,,,,,25.505,25.629,0.285,,,,,,TRUE,0.106,TRUE,3,21,Amp,,0.991,N,N,N,N,N
87,H3,FALSE,Veh,CDFN2A,UNKNOWN,FAM,NFQ-MGB,,,,,,,Undetermined,,,,,,,,TRUE,0.200,TRUE,3,39,No Amp,,0.000,Y,Y,Y,N,Y
88,H4,FALSE,E2,B2M,UNKNOWN,VIC,NFQ-MGB,,,,,,,25.808,25.617,0.492,,,,,,TRUE,0.106,TRUE,3,21,Amp,,0.990,N,N,N,N,N
88,H4,FALSE,E2,CDFN2A,UNKNOWN,FAM,NFQ-MGB,,,,,,,Undetermined,,,,,,,,TRUE,0.200,TRUE,3,39,No Amp,,0.000,Y,Y,Y,N,N
89,H5,FALSE,E2,B2M,UNKNOWN,VIC,NFQ-MGB,,,,,,,25.984,25.617,0.492,,,,,,TRUE,0.106,TRUE,3,21,Amp,,0.989,N,N,N,N,N
89,H5,FALSE,E2,CDFN2A,UNKNOWN,FAM,NFQ-MGB,,,,,,,Undetermined,,,,,,,,TRUE,0.200,TRUE,3,39,No Amp,,0.000,Y,Y,Y,N,N
90,H6,FALSE,E2,B2M,UNKNOWN,VIC,NFQ-MGB,,,,,,,25.059,25.617,0.492,,,,,,TRUE,0.106,TRUE,3,20,Amp,,0.986,N,N,N,N,N
90,H6,FALSE,E2,CDFN2A,UNKNOWN,FAM,NFQ-MGB,,,,,,,Undetermined,,,,,,,,TRUE,0.200,TRUE,3,39,No Amp,,0.000,Y,Y,Y,N,N
91,H7,FALSE,Ful,B2M,UNKNOWN,VIC,NFQ-MGB,,,,,,,25.282,24.983,0.264,,,,,,TRUE,0.106,TRUE,3,21,Amp,,0.985,N,N,N,N,N
91,H7,FALSE,Ful,CDFN2A,UNKNOWN,FAM,NFQ-MGB,,,,,,,Undetermined,,,,,,,,TRUE,0.200,TRUE,3,39,No Amp,,0.000,Y,Y,Y,N,N
92,H8,FALSE,Ful,B2M,UNKNOWN,VIC,NFQ-MGB,,,,,,,24.888,24.983,0.264,,,,,,TRUE,0.106,TRUE,3,20,Amp,,0.990,N,N,N,N,N
92,H8,FALSE,Ful,CDFN2A,UNKNOWN,FAM,NFQ-MGB,,,,,,,Undetermined,,,,,,,,TRUE,0.200,TRUE,3,39,No Amp,,0.000,Y,Y,Y,N,N
93,H9,FALSE,Ful,B2M,UNKNOWN,VIC,NFQ-MGB,,,,,,,24.780,24.983,0.264,,,,,,TRUE,0.106,TRUE,3,20,Amp,,0.989,N,N,N,N,N
93,H9,FALSE,Ful,CDFN2A,UNKNOWN,FAM,NFQ-MGB,,,,,,,Undetermined,,,,,,,,TRUE,0.200,TRUE,3,39,No Amp,,0.000,Y,Y,Y,N,N
94,H10,FALSE,Laso,B2M,UNKNOWN,VIC,NFQ-MGB,,,,,,,25.276,25.394,0.397,,,,,,TRUE,0.106,TRUE,3,21,Amp,,0.989,N,N,N,N,N
94,H10,FALSE,Laso,CDFN2A,UNKNOWN,FAM,NFQ-MGB,,,,,,,Undetermined,,,,,,,,TRUE,0.200,TRUE,3,39,No Amp,,0.000,Y,Y,Y,N,N
95,H11,FALSE,Laso,B2M,UNKNOWN,VIC,NFQ-MGB,,,,,,,25.837,25.394,0.397,,,,,,TRUE,0.106,TRUE,3,21,Amp,,0.991,N,N,N,N,N
95,H11,FALSE,Laso,CDFN2A,UNKNOWN,FAM,NFQ-MGB,,,,,,,Undetermined,,,,,,,,TRUE,0.200,TRUE,3,39,No Amp,,0.000,Y,Y,Y,N,N
96,H12,FALSE,Laso,B2M,UNKNOWN,VIC,NFQ-MGB,,,,,,,25.070,25.394,0.397,,,,,,TRUE,0.106,TRUE,3,21,Amp,,0.990,N,N,N,N,N
96,H12,FALSE,Laso,CDFN2A,UNKNOWN,FAM,NFQ-MGB,,,,,,,Undetermined,,,,,,,,TRUE,0.200,TRUE,3,39,No Amp,,0.000,Y,Y,Y,N,N
,,,,,,,,,,,,,,,,,,,,,,,,,,,,,,,,,,
Analysis Type,Multiplex,,,,,,,,,,,,,,,,,,,,,,,,,,,,,,,,,
Endogenous Control,B2M,,,,,,,,,,,,,,,,,,,,,,,,,,,,,,,,,
RQ Min/Max Confidence Level,95.0,,,,,,,,,,,,,,,,,,,,,,,,,,,,,,,,,
Reference Sample,Veh,,,,,,,,,,,,,,,,,,,,,,,,,,,,,,,,,